AgentActivityBeamView.swift	shim-clean	
AgentWorkSummaryView.swift	shim-gap	NSStackView,NSTextField,NSView.fittingSize
AgentWorkloadAnalyzerView.swift	shim-gap	,NSView.viewDidChangeEffectiveAppearance,NSView.viewDidMoveToWindow
AnnotatedImageView.swift	shim-gap	NSAccessibility,NSCursor,NSImage,NSImageInterpolation
AnnotationSendBar.swift	shim-clean	
BackdropOverlay.swift	shim-gap	NSAccessibility,NSCursor,NSView.viewDidChangeEffectiveAppearance,NSView.viewDidMoveToWindow
BrowserAnnotationChrome.swift	shim-gap	,NSView.viewDidChangeEffectiveAppearance
BrowserAnnotationEditor.swift	shim-gap	NSControl,NSStackView,NSTextField,NSTextFieldDelegate,NSTextView,NSView.viewDidChangeEffectiveAppearance
BrowserAnnotationOverlay.swift	shim-gap	NSAccessibility,NSCursor,NSImage,NSMutableParagraphStyle,NSTrackingArea,NSEvent.keyCode,NSString.boundingRect,NSString.draw,NSView.isDescendant
BrowserBaselineOverlay.swift	shim-gap	NSAccessibility,NSCursor,NSImage,NSEvent.keyCode,NSView.setFrameSize
BrowserDeviceToolbar.swift	shim-gap	NSStackView,NSTextField,NSTextFieldDelegate
BrowserFindBar.swift	shim-gap	NSApp,NSControl,NSStackView,NSTextField,NSTextFieldDelegate,NSTextView
ChartCardView.swift	shim-gap	NSBitmapImageRep,NSImage,NSMutableParagraphStyle,NSParagraphStyle,NSTextField
ChipView.swift	shim-gap	NSAccessibility,NSGradient,NSImage,NSImageView,NSStackView,NSTextField,NSWindow,NSEvent.charactersIgnoringModifiers
CodeContextPreviewView.swift	shim-gap	NSTextField
ColorPairSpecimen.swift	shim-gap	,NSAttributedString.draw,NSAttributedString.size,NSView.viewDidChangeEffectiveAppearance
CommandPaletteViewController.swift	shim-gap	NSControl,NSStackView,NSTableColumn,NSTableView,NSTableViewDataSource,NSTableViewDelegate,NSTextField,NSTextFieldDelegate,NSTextView,NSViewController,NSWindow,NSEvent.addLocalMonitorForEvents,NSEvent.keyCode,NSEvent.removeMonitor,NSView.isHiddenOrHasHiddenAncestor,NSView.window
CompareInspector.swift	shim-gap	NSAccessibility,NSTextField,NSWindow,NSEvent.keyCode,NSEvent.type,NSView.performKeyEquivalent,NSView.window
CompoundValueLabel.swift	shim-gap	NSAccessibility,NSTextAlignment,NSAttributedString.draw,NSAttributedString.size,NSView.setFrameSize
ControlButtonGroupView.swift	shim-gap	NSStackView
ControlRow.swift	shim-gap	NSStackView
ConversationChoiceRow.swift	shim-gap	NSAccessibility,NSCursor,NSStackView,NSTextField,NSEvent.keyCode
ConversationContextRailView.swift	shim-gap	NSStackView
ConversationOutboxRailView.swift	shim-gap	NSAccessibility,NSStackView,NSTextField,NSEvent.keyCode
ConversationQuestionCard.swift	shim-gap	NSAccessibility,NSStackView,NSTextField,NSTextFieldDelegate
ConversationSearchWindowViewController.swift	shim-gap	NSAccessibility,NSStackView,NSTableCellView,NSTableColumn,NSTableView,NSTableViewDataSource,NSTableViewDelegate,NSTextField,NSViewController
CoveredWindowCursor.swift	shim-gap	NSCursor,NSHashTable,NSWindow,NSView.window
CoveredWindowPointer.swift	shim-gap	NSCursor,NSTrackingArea,NSWindow,NSEvent.addLocalMonitorForEvents,NSEvent.removeMonitor,NSEvent.trackingArea,NSEvent.type,NSEvent.window,NSView.isDescendant,NSView.isHiddenOrHasHiddenAncestor,NSView.visibleRect,NSView.window
Design.swift	shim-gap	CACornerMask,CAGradientLayer,CALayer,CAMediaTimingFunction,CASpringAnimation,CGColor,CGColorSpace,CGContext,CGDataProvider,CGImage,CGImageAlphaInfo,CGMutablePath,CGPath,NSApplication,NSFontDescriptor,NSImage,NSLayoutManager,NSScreen,NSTextField,NSWorkspace,CGFloat.regular,NSColor.Name,NSColor.alternateSelectedControlTextColor,NSColor.cgColor,NSColor.gray,NSColor.lightened,NSColor.selectedContentBackgroundColor,NSColor.systemBlue,NSColor.systemIndigo,NSColor.systemOrange,NSColor.systemPink,NSColor.systemPurple,NSColor.systemTeal,NSColor.unemphasizedSelectedContentBackgroundColor,NSFont.ascender,NSFont.descender,NSFont.fontDescriptor,NSFont.monospacedDigitSystemFont
DesignSettings.swift	shim-clean	
DiffInk.swift	shim-clean	
DiffSkeletonView.swift	shim-gap	CABasicAnimation,CAMediaTimingFunction,NSView.viewDidChangeEffectiveAppearance,NSView.viewDidMoveToWindow
ExecutionAuditEventView.swift	shim-gap	NSImage,NSImageView,NSStackView,NSTextField
FontRole.swift	shim-clean	
GeneratedAppIcon.swift	shim-gap	NSBitmapImageRep,NSImage,NSImageInterpolation,NSShadow,NSAppearance.performAsCurrentDrawingAppearance,NSColor.hexString
GlyphView.swift	shim-gap	NSImage
HelpPopoverButton.swift	shim-gap	NSAccessibility,NSStackView,NSTextField,NSViewController
HostedServiceSignInButton.swift	shim-clean	
HoverPopoverScheduler.swift	clean	
HoverTrackingView.swift	shim-gap	NSTrackingArea,NSView.updateTrackingAreas
IconBackplate.swift	shim-gap	CGColorSpaceCreateDeviceRGB,CGContext,CGImageAlphaInfo,NSImage
ImageAnnotation.swift	shim-gap	NSBitmapImageRep,NSImage,NSAffineTransform.concat,NSGraphicsContext.imageInterpolation
ImageAnnotationPaneView.swift	shim-gap	NSTextField,NSView.viewDidChangeEffectiveAppearance
ImageAnnotationRailView.swift	shim-gap	NSStackView,NSTextField,NSTextFieldDelegate,NSView.viewDidChangeEffectiveAppearance
ImageAnnotationReceiptView.swift	shim-gap	NSStackView,NSTextField,NSView.viewDidChangeEffectiveAppearance
ImageCompareLayout.swift	shim-clean	
ImageCompareView.swift	shim-gap	NSAccessibility,NSApp,NSCompositingOperation,NSImage,NSMutableParagraphStyle,NSTextAlignment,CGContextShim.beginTransparencyLayer,CGContextShim.endTransparencyLayer,NSEvent.specialKey,NSGraphicsContext.imageInterpolation,NSString.draw,NSString.size
InWindowOverlay.swift	shim-gap	NSAccessibility,NSWindow,NSView.window
KeyEquivalentScopeView.swift	shim-gap	NSText,NSView.performKeyEquivalent
LabelLegibility.swift	shim-gap	,NSColor.Name,NSColor.composited,NSColor.legible
LaunchFailureView.swift	shim-gap	NSButton,NSImage,NSImageView,NSStackView,NSTextField
LimitEscapeStripView.swift	shim-gap	NSAccessibility,NSCursor,NSImageView,NSStackView,NSTextField
MediaDocumentCanvasView.swift	shim-clean	
MediaDocumentPlayerView.swift	shim-clean	
MediaInspector.swift	shim-clean	
MediaPlaybackOverlayView.swift	shim-gap	NSAccessibility
MediaTransportView.swift	shim-gap	NSStackView,NSTextField
ModelEffortPicker.swift	shim-gap	NSAccessibility,NSAccessibilityCustomAction,NSGradient,NSHapticFeedbackManager,NSImage,NSMutableParagraphStyle,NSTextAlignment,NSTextField,NSTrackingArea,NSViewController,NSWindow,NSAttributedString.size,NSBezierPath.transform,NSEvent.keyCode
MorphingMultilineTitleLabel.swift	shim-gap	NSStackView,NSTextAlignment,NSWindow
MorphingTitleLabel.swift	shim-clean	
NativePluginPresentationBoundaryView.swift	shim-gap	,NSView.isDescendant
NavigatorGridItemView.swift	shim-gap	NSAccessibility,NSButton,NSTextField
OpticalCentring.swift	shim-gap	,NSBezierPath.bounds,NSBezierPath.elementCount,NSBezierPath.flattened
OpticalInsets.swift	shim-gap	NSTextField
PageTitleView.swift	shim-gap	NSAccessibility,NSImage,NSStackView
PairingCodeImage.swift	shim-clean	
PaneFoldDivider.swift	shim-gap	NSAccessibility,NSAccessibilityOrientation,NSApp,NSCursor,NSDownArrowFunctionKey,NSUpArrowFunctionKey,NSEvent.charactersIgnoringModifiers,NSEvent.clickCount,NSEvent.deltaX,NSEvent.deltaY
PaneFooter.swift	shim-clean	
PaneHeader.swift	shim-clean	
PaneNotice.swift	shim-gap	NSAccessibility,NSAccessibilityPriorityLevel,NSControl,NSStackView,NSTextField,NSView.viewDidMoveToWindow
PaneTransition.swift	shim-gap	CAMediaTimingFunction,NSView.window
PanelContentInset.swift	shim-clean	
PanelListView.swift	shim-gap	NSStackView,NSTextField
PlatinumBitmapFont.swift	clean	
PointerClaims.swift	shim-gap	NSCursor
PointerTracking.swift	shim-clean	
ProjectTextSearchPreviewViewController.swift	shim-gap	NSAccessibility,NSStackView,NSTableCellView,NSTableColumn,NSTableView,NSTableViewDataSource,NSTableViewDelegate,NSTextField,NSViewController
PromptCompletionView.swift	shim-gap	NSAccessibility,NSTextField,NSWindow,NSEvent.type,NSEvent.window,NSView.window
PromptView.swift	shim-gap	CGImage,NSAccessibility,NSBitmapImageRep,NSCursor,NSDragOperation,NSDraggingInfo,NSImage,NSImageInterpolation,NSImageView,NSPasteboard,NSStackView,NSText,NSTextViewDelegate,NSWorkspace,NSEvent.keyCode,NSView.viewDidMoveToWindow
RevealHighlightView.swift	shim-clean	
RunPlanDisclosureView.swift	shim-gap	NSTableCellView,NSTableColumn,NSTableView,NSTableViewDataSource,NSTableViewDelegate,NSTextField,NSViewController
ScheduledMessageStripView.swift	shim-gap	NSAccessibility,NSStackView,NSTextField
ScheduledSessionPlaceholderView.swift	shim-gap	NSImage,NSImageView,NSStackView,NSTextField
ScreenshotReportDropTargetView.swift	shim-gap	CABasicAnimation,CAMediaTimingFunction,NSScreen,NSStackView,NSTextField,NSView.viewDidChangeEffectiveAppearance
SearchMatchLabel.swift	shim-gap	NSTextField,NSAttributedString.tallestFont
SearchResultRowView.swift	shim-gap	NSAccessibility,NSStackView,NSTextField
SelectionSurface.swift	shim-gap	,NSColor.Name,NSColor.composited,NSColor.lightened
SemanticSceneView.swift	shim-gap	NSAccessibility,NSAccessibilityElement,NSCursor,NSDownArrowFunctionKey,NSLeftArrowFunctionKey,NSMutableParagraphStyle,NSRightArrowFunctionKey,NSStackView,NSTextField,NSTrackingArea,NSUpArrowFunctionKey,NSEvent.charactersIgnoringModifiers,NSEvent.keyCode,NSString.draw
ShortcutRecorderView.swift	shim-gap	NSAccessibility,NSMutableParagraphStyle,NSEvent.charactersIgnoringModifiers,NSString.draw,NSString.size
SidebarBackdropView.swift	shim-gap	CAGradientLayer,CALayer,NSVisualEffectView,NSColor.cgColor,NSView.isDescendant,NSView.viewDidChangeEffectiveAppearance
SidebarBrandView.swift	shim-gap	CAMediaTimingFunction,NSImageView,NSStackView,NSTrackingArea,NSView.updateTrackingAreas,NSView.viewDidChangeEffectiveAppearance
SidebarEdgeRevealCoordinator.swift	shim-clean	
SimulatorScreenView.swift	shim-gap	NSAccessibility,NSCursor,NSImage,NSImageInterpolation,NSPasteboard,NSText,NSTrackingArea,NSEvent.characters,NSEvent.hasPreciseScrollingDeltas,NSEvent.keyCode,NSEvent.phase,NSEvent.scrollingDeltaX,NSEvent.scrollingDeltaY,NSEvent.timestamp,NSString.draw,NSString.size
SimulatorTouchOverlay.swift	shim-clean	
SplitButtonView.swift	shim-gap	NSAccessibility,NSView.viewDidChangeEffectiveAppearance
SplitIconButtonView.swift	shim-gap	NSAccessibility
StorageProposalOutlineView.swift	shim-gap	NSLineBreakMode,NSMutableParagraphStyle,NSTextAlignment,NSFont.boundingRectForFont,NSString.draw,NSString.size
SubagentNavigatorRowView.swift	shim-gap	NSAccessibility,NSStackView,NSTextField
SubagentSummaryView.swift	shim-gap	NSStackView,NSTableView,NSTextField,NSWorkspace
SubmissionStatusView.swift	shim-gap	NSAccessibility,NSAccessibilityPriorityLevel,NSImage,NSImageView,NSTextField
SupervisionRowView.swift	shim-gap	NSAccessibility,NSImage,NSStackView,NSTextField
SymbolMetric.swift	shim-clean	
TemplateImageDrawing.swift	shim-gap	NSImage,CGContextShim.beginTransparencyLayer,CGContextShim.endTransparencyLayer
TerminalStatusBanner.swift	shim-gap	NSImage,NSImageView,NSStackView,NSTextField
ThemeBoundaryAudit.swift	shim-gap	NSClipView,NSControl,NSImageView,NSScrollView,NSTableHeaderView,NSTableRowView,NSTextField,NSTextView,NSVisualEffectView,NSWindow
ThemeSwatchImage.swift	shim-gap	NSImage,NSAppearance.performAsCurrentDrawingAppearance
ThemeSwatchView.swift	shim-gap	NSColorWell,NSColor.hexString,NSView.updateLayer
ThemedActionPopover.swift	shim-gap	NSStackView,NSViewController
ThemedAlert.swift	shim-gap	NSAccessibility,NSApp,NSApplication,NSControl,NSFontManager,NSGradient,NSImage,NSImageView,NSPanel,NSStackView,NSTextField,NSWindow,CGContextShim.setAllowsAntialiasing,CGContextShim.setAllowsFontSmoothing,CGContextShim.setShouldSmoothFonts,NSEvent.charactersIgnoringModifiers,NSView.fittingSize,NSView.viewDidChangeEffectiveAppearance,NSView.window
ThemedBarSparklineView.swift	shim-gap	,NSView.viewDidChangeEffectiveAppearance
ThemedButton.swift	shim-gap	CAAnimationGroup,CABasicAnimation,CALayer,CATransform3D,CATransform3DMakeTranslation,CATransform3DScale,CATransform3DTranslate,CGContext,CGPath,CTLineCreateWithAttributedString,CTLineGetBoundsWithOptions,NSAccessibility,NSImage,NSLayoutManager,NSMutableParagraphStyle,NSScreen,NSUnderlineStyle,CGContextShim.setAllowsAntialiasing,CGContextShim.setAllowsFontSmoothing,CGContextShim.setShouldSmoothFonts,CGContextShim.translateBy,NSAttributedString.draw,NSAttributedString.size,NSBezierPath.setLineDash,NSColor.cgColor,NSEvent.charactersIgnoringModifiers,NSEvent.type,NSEvent.window,NSFont.boundingRectForFont,NSString.draw
ThemedChartPlaceholderView.swift	shim-gap	CABasicAnimation,CAMediaTimingFunction,NSStackView,NSTextField,NSBezierPath.setLineDash,NSView.viewDidChangeEffectiveAppearance,NSView.viewDidMoveToWindow
ThemedCheckbox.swift	shim-gap	NSAccessibility,NSControl,NSCursor,NSImage,CGContextShim.setAllowsAntialiasing,CGContextShim.setAllowsFontSmoothing,CGContextShim.setShouldSmoothFonts,NSString.draw
ThemedControl.swift	shim-gap	NSControl,NSCursor,NSTrackingArea,CGContextShim.setAlpha,NSEvent.charactersIgnoringModifiers,NSEvent.type
ThemedDisclosureRow.swift	shim-gap	NSAccessibility,NSCursor
ThemedFileIconView.swift	shim-clean	
ThemedFloatingGlyphView.swift	shim-gap	,CGContextShim.addLine,CGContextShim.beginPath,CGContextShim.closePath,CGContextShim.fill,CGContextShim.fillPath,CGContextShim.move,CGContextShim.setFillColor,CGContextShim.setLineWidth,CGContextShim.setStrokeColor,CGContextShim.stroke,CGContextShim.strokePath,NSView.viewDidChangeEffectiveAppearance
ThemedFloatingSurfaceChrome.swift	shim-gap	,NSView.applyLayerShadow,NSView.applySurface,NSView.layer
ThemedIconButton.swift	shim-gap	NSAccessibility,NSImage,NSEvent.type,NSEvent.window
ThemedImagePreview.swift	shim-gap	NSAccessibility,NSCursor,NSImage,NSImageInterpolation
ThemedIndicators.swift	shim-gap	CABasicAnimation,CAShapeLayer,CGPath,NSAccessibility,NSImage,NSScreen,NSStackView,NSUserInterfaceLayoutOrientation,NSWorkspace,NSBezierPath.centringInk,NSView.fittingSize,NSView.viewDidChangeBackingProperties,NSView.viewDidChangeEffectiveAppearance
ThemedMenu.swift	shim-gap	CAAnimationGroup,CABasicAnimation,CACurrentMediaTime,CAMediaTimingFunction,CATransaction,CATransform3DIdentity,CATransform3DScale,CATransform3DTranslate,NSAccessibility,NSAccessibilityCustomAction,NSApp,NSHashTable,NSImage,NSMutableParagraphStyle,NSTextField,NSTrackingArea,NSWindow,CGContextShim.setAllowsAntialiasing,CGContextShim.setAllowsFontSmoothing,CGContextShim.setShouldSmoothFonts,NSEvent.addLocalMonitorForEvents,NSEvent.charactersIgnoringModifiers,NSEvent.keyCode,NSEvent.pressedMouseButtons,NSEvent.removeMonitor,NSEvent.trackingArea,NSEvent.type,NSEvent.window,NSString.draw,NSView.layer,NSView.mouseDragged,NSView.setAccessibilityParent,NSView.window
ThemedMultilineTitleLabel.swift	shim-gap	NSTextAlignment,NSTextField
ThemedPopUp.swift	shim-gap	NSAccessibility,NSImage,NSMutableParagraphStyle,NSWindow,NSString.draw
ThemedPopover.swift	shim-gap	CALayer,CGMutablePath,CGPath,NSAccessibility,NSApp,NSApplication,NSHashTable,NSKeyValueObservation,NSPanel,NSScreen,NSViewController,NSWindow,NSBezierPath.element,NSEvent.charactersIgnoringModifiers,NSView.viewDidChangeEffectiveAppearance,NSView.window
ThemedScrollView.swift	shim-gap	NSClipView,NSGradient,NSScrollView,NSScroller,NSShadow,NSTrackingArea,NSVisualEffectView,NSColor.hueComponent,NSColor.saturationComponent,NSEvent.hasPreciseScrollingDeltas,NSEvent.momentumPhase,NSEvent.phase,NSEvent.scrollingDeltaX,NSEvent.scrollingDeltaY
ThemedScrubber.swift	shim-gap	NSAccessibility,NSDownArrowFunctionKey,NSEndFunctionKey,NSHomeFunctionKey,NSLeftArrowFunctionKey,NSRightArrowFunctionKey,NSUpArrowFunctionKey,NSEvent.charactersIgnoringModifiers
ThemedSegmentedControl.swift	shim-gap	NSAccessibility,NSApp,NSLayoutManager,NSLeftArrowFunctionKey,NSRightArrowFunctionKey,NSStackView,NSTextField,NSEvent.charactersIgnoringModifiers
ThemedSplitView.swift	shim-gap	NSApp,NSSplitView,NSTrackingArea,NSColor.composited,NSEvent.mouseLocation
ThemedStatusReceiptButton.swift	shim-gap	NSAccessibility,NSImage,NSMutableParagraphStyle,NSEvent.type,NSEvent.window,NSString.draw,NSString.size
ThemedSurfaceView.swift	shim-gap	,NSView.viewDidChangeEffectiveAppearance
ThemedTabItemView.swift	shim-gap	NSAccessibility,NSImage,NSStackView,NSColor.composited,NSEvent.buttonNumber
ThemedTabStripView.swift	shim-gap	CAGradientLayer,CATransaction,NSStackView,NSColor.cgColor,NSView.layer
ThemedTables.swift	shim-gap	NSButton,NSDraggingInfo,NSMutableParagraphStyle,NSOutlineView,NSShadow,NSTableCellView,NSTableHeaderView,NSTableRowView,NSTableView,NSTextAlignment,NSTextField,NSWindow,NSAttributedString.boundingRect,NSBezierPath.bounds,NSEvent.charactersIgnoringModifiers,NSString.draw,NSView.isDescendant,NSView.setFrameSize
ThemedTextField.swift	shim-gap	NSAccessibility,NSClipView,NSControl,NSCursor,NSImage,NSSecureTextFieldCell,NSStackView,NSText,NSTextField,NSTextFieldCell,NSTextView,NSTrackingArea,CGContextShim.setAllowsAntialiasing,CGContextShim.setAllowsFontSmoothing,CGContextShim.setShouldSmoothFonts,NSColor.composited,NSFont.boundingRectForFont
ThemedTextView.swift	shim-gap	NSLayoutManager,NSText,NSTextContainer,NSTextStorage,NSTextView,NSView.resolvedGround
ThemedTimeSeriesChartView.swift	shim-gap	CACurrentMediaTime,CADisplayLink,NSAccessibility,NSLeftArrowFunctionKey,NSMutableParagraphStyle,NSRightArrowFunctionKey,NSTextAlignment,NSTrackingArea,NSWindow,NSAttributedString.boundingRect,NSAttributedString.draw,NSBezierPath.setLineDash,NSEvent.charactersIgnoringModifiers,NSString.size
ThemedToggle.swift	shim-gap	CACurrentMediaTime,CADisplayLink,NSAccessibility,NSControl,NSWindow
ThreadingMarkView.swift	shim-gap	CAAnimationGroup,CABasicAnimation,CACurrentMediaTime,CAKeyframeAnimation,CALayer,CAMediaTimingFunction,CAShapeLayer,CATransaction,CATransform3D,CATransform3DIdentity,CATransform3DMakeRotation,CATransform3DMakeScale,CATransform3DRotate,CATransformLayer,CGMutablePath,CGPath,NSScreen,NSColor.cgColor,NSView.viewDidChangeBackingProperties
Toast.swift	shim-gap	CABasicAnimation,CALayer,CAMediaTimingFunction,CAShapeLayer,CATransaction,CATransform3DMakeTranslation,CGMutablePath,CGPath,NSAccessibility,NSAccessibilityPriorityLevel,NSGridView,NSTextField,NSTrackingArea,NSColor.cgColor,NSEvent.momentumPhase,NSEvent.phase,NSEvent.scrollingDeltaX,NSEvent.scrollingDeltaY,NSEvent.timestamp,NSView.mouseDragged,NSView.scrollWheel,NSView.updateTrackingAreas,NSView.viewDidChangeEffectiveAppearance,NSView.window
ToolbarButtonGroupView.swift	shim-clean	
UniversalSearchOverlayViewController.swift	shim-gap	NSControl,NSStackView,NSTableColumn,NSTableView,NSTableViewDataSource,NSTableViewDelegate,NSTextField,NSTextFieldDelegate,NSTextView,NSViewController,NSEvent.keyCode,NSEvent.type,NSView.performKeyEquivalent
UsageLimitLegendView.swift	shim-gap	,NSAttributedString.draw,NSAttributedString.size
UsageReadingLabel.swift	shim-gap	NSAccessibility,NSAttributedString.draw,NSAttributedString.size,NSColor.legible,NSView.setFrameSize
UsageTimeMarker.swift	shim-clean	
WindowBackdrop.swift	shim-gap	,NSColor.composited
WindowChromeAnatomy.swift	shim-clean	
WindowChromeButton.swift	shim-gap	NSAccessibility,NSGradient,NSImage,NSImageInterpolation,NSShadow,NSWindow,NSGraphicsContext.imageInterpolation
WindowChromeFrameView.swift	shim-clean	
WindowCommandBandView.swift	shim-gap	NSAccessibility
WindowTitleBandView.swift	shim-gap	NSAccessibility,NSFontManager,NSGradient,NSImage,NSImageInterpolation,NSImageView,NSStackView,NSTextField,NSWindow,CGContextShim.setAllowsAntialiasing,CGContextShim.setAllowsFontSmoothing,CGContextShim.setShouldSmoothFonts,NSEvent.clickCount,NSGraphicsContext.imageInterpolation,NSView.viewWillMove
WorkingOrbView.swift	shim-clean	
WorkspaceNavigatorPipelineViews.swift	shim-clean	
